Frame;RCC
1;DR
2;DR
3;DR
4;DR
5;DR
6;DR
7;DR
8;DR
9;DR
10;DR
11;DR
12;DR
13;DR
14;DR
15;DR
16;DR
17;DR
18;DR
19;DR
20;DR
21;DR
22;DR
23;DR
24;DR
25;DR
26;DR
27;DR
28;DR
29;DR
30;DR
31;DR
32;DR
33;DR
34;DR
35;DR
36;DR
37;DR
38;DR
39;DR
40;DR
41;DR
42;DR
43;DR
44;DR
45;DR
46;DR
47;DR
48;DR
49;DR
50;DR
51;DR
52;DR
53;DR
54;DR
55;DR
56;DR
57;DR
58;DR
59;DR
60;DR
61;DR
62;DR
63;DR
64;DR
65;DR
66;DR
67;DR
68;DR
69;DR
70;DR
71;DR
72;DR
73;DR
74;DR
75;DR
76;DR
77;DR
78;DR
79;DR
80;DR
81;DR
82;DR
83;DR
84;DR
85;DR
86;DR
87;DR
88;DR
89;DR
90;DR
91;DR
92;DR
93;DR
94;DR
95;DR
96;DR
97;DR
98;DR
99;DR
100;DR
101;DR
102;DR
103;DR
104;DR
105;DR
106;DR
107;DR
108;DR
109;DR
110;DR
111;DR
112;DR
113;DR
114;DR
115;DR
116;DR
117;DR
118;DR
119;DR
120;DR
121;DR
122;DR
123;DR
124;DR
125;DR
126;DR
127;DR
128;DR
129;DR
130;DR
131;DR
132;DR
133;DR
134;DR
135;DR
136;DR
137;DR
138;DR
139;PO
140;PO
141;PO
142;PO
143;PO
144;PO
145;PO
146;PO
147;PO
148;PO
149;PO
150;PO
151;PO
152;PO
153;PO
154;PO
155;PO
156;PO
157;PO
158;PO
159;PP
160;PP
161;PP
162;PP
163;PP
164;PP
165;PP
166;PP
167;PP
168;PP
169;PP
170;PP
171;PP
172;PP
173;PP
174;PP
175;PP
176;PP
177;PP
178;PP
179;PP
180;PP
181;PP
182;PP
183;PP
184;PP
185;PP
186;PP
187;PP
188;PP
189;PP
190;PP
191;PP
192;PP
193;PP
194;PP
195;PP
196;PP
197;PP
198;PP
199;PP
200;PP
201;PP
202;PP
203;PP
204;PP
205;PP
206;PP
207;PP
208;PP
209;PP
210;PP
211;PP
212;PP
213;PP
214;PP
215;PP
216;PP
217;PP
218;PP
219;PP
220;PP
221;PP
222;PP
223;PP
224;PP
225;PP
226;PP
227;PP
228;PP
229;PP
230;PP
